NAME|REPO|BRANCH|STATUS|STARS|FORKS|LAST_COMMIT
kucat-config|sirpdboy/luci-app-kucat-config|master|‚ùå API ERROR (000000)|N/A|N/A|N/A
aurora|eamonxg/luci-theme-aurora|master|‚ùå API ERROR (000000)|N/A|N/A|N/A
uboot-nand|chenxin527/uboot-ipq60xx-nand-build|main|‚ùå API ERROR (000000)|N/A|N/A|N/A
easytier|EasyTier/luci-app-easytier|main|‚ùå API ERROR (000000)|N/A|N/A|N/A
kucat|sirpdboy/luci-theme-kucat|master|‚ùå API ERROR (000000)|N/A|N/A|N/A
immortalwrt-official|immortalwrt/immortalwrt|owrt|‚ùå API ERROR (000000)|N/A|N/A|N/A
momo|nikkinikki-org/OpenWrt-momo|main|‚ùå API ERROR (000000)|N/A|N/A|N/A
qbittorrent|sbwml/luci-app-qbittorrent|master|‚ùå API ERROR (000000)|N/A|N/A|N/A
netspeedtest|sirpdboy/luci-app-netspeedtest|main|‚ùå API ERROR (000000)|N/A|N/A|N/A
qmodem|FUjr/QModem|main|‚ùå API ERROR (000000)|N/A|N/A|N/A
ddns-go|sirpdboy/luci-app-ddns-go|main|‚ùå API ERROR (000000)|N/A|N/A|N/A
uboot-emmc|chenxin527/uboot-ipq60xx-emmc-build|main|‚ùå API ERROR (000000)|N/A|N/A|N/A
argon|sbwml/luci-theme-argon|openwrt-25.12|‚ùå API ERROR (000000)|N/A|N/A|N/A
passwall2|Openwrt-Passwall/openwrt-passwall2|main|‚ùå API ERROR (000000)|N/A|N/A|N/A
immortalwrt-viking|VIKINGYFY/immortalwrt|owrt|‚ùå API ERROR (000000)|N/A|N/A|N/A
homeproxy|VIKINGYFY/homeproxy|main|‚ùå API ERROR (000000)|N/A|N/A|N/A
fancontrol|rockjake/luci-app-fancontrol|main|‚ùå API ERROR (000000)|N/A|N/A|N/A
mosdns|sbwml/luci-app-mosdns|v5|‚ùå API ERROR (000000)|N/A|N/A|N/A
passwall|Openwrt-Passwall/openwrt-passwall|main|‚ùå API ERROR (000000)|N/A|N/A|N/A
nikki|nikkinikki-org/OpenWrt-nikki|main|‚ùå API ERROR (000000)|N/A|N/A|N/A
vnt|lmq8267/luci-app-vnt|main|‚ùå API ERROR (000000)|N/A|N/A|N/A
partexp|sirpdboy/luci-app-partexp|main|‚ùå API ERROR (000000)|N/A|N/A|N/A
openlist2|sbwml/luci-app-openlist2|main|‚ùå API ERROR (000000)|N/A|N/A|N/A
openclash|vernesong/OpenClash|dev|‚ùå API ERROR (000000)|N/A|N/A|N/A
uboot-nor|chenxin527/uboot-ipq60xx-nor-build|main|‚ùå API ERROR (000000)|N/A|N/A|N/A
tailscale|Tokisaki-Galaxy/luci-app-tailscale-community|master|‚ùå API ERROR (000000)|N/A|N/A|N/A
aurora-config|eamonxg/luci-app-aurora-config|master|‚ùå API ERROR (000000)|N/A|N/A|N/A
diskman|lisaac/luci-app-diskman|master|‚ùå API ERROR (000000)|N/A|N/A|N/A
gecoosac|laipeng668/luci-app-gecoosac|main|‚ùå API ERROR (000000)|N/A|N/A|N/A
viking|VIKINGYFY/packages|main|‚ùå API ERROR (000000)|N/A|N/A|N/A
lucky|sirpdboy/luci-app-lucky|main|‚ùå API ERROR (000000)|N/A|N/A|N/A
quickfile|sbwml/luci-app-quickfile|main|‚ùå API ERROR (000000)|N/A|N/A|N/A
